feature,single_feature_auc,flagged,ttl_feature
id,0.9506,True,False
sttl,0.8828,False,True
ct_state_ttl,0.8714,False,True
dload,0.8661,False,False
dmean,0.819,False,False
dbytes,0.7867,False,False
dpkts,0.7829,False,False
ct_dst_sport_ltm,0.7306,False,False
dloss,0.7186,False,False
sloss,0.7148,False,False
sbytes,0.7075,False,False
spkts,0.7061,False,False
ct_src_dport_ltm,0.6859,False,False
sload,0.6779,False,False
swin,0.6779,False,False
rate,0.6774,False,False
stcpb,0.6713,False,False
dwin,0.6705,False,False
dtcpb,0.6699,False,False
dinpkt,0.6603,False,False
sinpkt,0.6455,False,False
dur,0.6424,False,False
dttl,0.6416,False,True
djit,0.6366,False,False
ct_dst_src_ltm,0.6348,False,False
sjit,0.6162,False,False
synack,0.5929,False,False
tcprtt,0.5916,False,False
ackdat,0.5875,False,False
ct_srv_src,0.5579,False,False
ct_src_ltm,0.5524,False,False
ct_srv_dst,0.543,False,False
smean,0.5385,False,False
is_sm_ips_ports,0.5247,False,False
ct_dst_ltm,0.52,False,False
response_body_len,0.5152,False,False
ct_flw_http_mthd,0.507,False,False
trans_depth,0.507,False,False
ct_ftp_cmd,0.5016,False,False
is_ftp_login,0.5016,False,False
